Workbook
Name Dietary_change: Calculations!$C$2

Sheet Dashboard

Sheet Data_processed
A1: Entity | B1: Code | C1: Year | D1: Per capita consumption-based CO₂ emissions | E1: GDP per capita, PPP (constant 2021 international $) | F1: Population (historical)
A2: Finland | B2: FIN | C2: 1990 | D2: 17.773579 | E2: 38807.117 | F2: 4986576
A3: Finland | B3: FIN | C3: 1991 | D3: 16.156708 | E3: 36326.082 | F3: 5013889
A4: Finland | B4: FIN | C4: 1992 | D4: 20.635195 | E4: 34926.383 | F4: 5042145
A5: Finland | B5: FIN | C5: 1993 | D5: 17.44481 | E5: 34486.754 | F5: 5066594
A6: Finland | B6: FIN | C6: 1994 | D6: 16.490786 | E6: 35699.72 | F6: 5088454
A7: Finland | B7: FIN | C7: 1995 | D7: 15.953912 | E7: 37069.63 | F7: 5107919
A8: Finland | B8: FIN | C8: 1996 | D8: 14.793569 | E8: 38301.51 | F8: 5124715
A9: Finland | B9: FIN | C9: 1997 | D9: 13.402668 | E9: 40630.92 | F9: 5139927
A10: Finland | B10: FIN | C10: 1998 | D10: 13.432869 | E10: 42733.445 | F10: 5153545
A11: Finland | B11: FIN | C11: 1999 | D11: 14.024223 | E11: 44505.71 | F11: 5165516
A12: Finland | B12: FIN | C12: 2000 | D12: 15.064202 | E12: 46968.84 | F12: 5176197
A13: Finland | B13: FIN | C13: 2001 | D13: 15.513823 | E13: 48099.3 | F13: 5187970
... A35: Finland | B35: FIN | C35: 2023 | D35: 8.473571 | E35: 56246.44 | F35: 5601185

Sheet LULUCF_FI
A1: Column1 | B1: Column4
A2: 138v -- Kasvihuonekaasupäästöt Suomessa, 1990-2024*
A4: Vuosi | B4: Päästö, tuhatta tonnia CO2-ekv. (GWP=AR5)
A5: 1990 | B5: -31931
A6: 1991 | B6: -44321
A7: 1992 | B7: -38513
A8: 1993 | B8: -39737
A9: 1994 | B9: -33480
A10: 1995 | B10: -32093
A11: 1996 | B11: -39264
A12: 1997 | B12: -35705
A13: 1998 | B13: -33046
A14: 1999 | B14: -33068
A15: 2000 | B15: -33046
... A38: 2023 | B38: 4553

Sheet Sheet1
A3: Row Labels | B3: CO2 footprint per capita incl. LULUCF | C3: GDP per capita | D3: Sustainable level
A4: 1990 | D4: -0.89
A5: 1991 | B5: -0.091140387 | C5: -0.063932474 | D5: -0.89
A6: 1992 | B6: 0.16099245 | C6: -0.10000057 | D6: -0.89
A7: 1993 | B7: -0.018585315 | C7: -0.11132914 | D7: -0.89
A8: 1994 | B8: -0.072210082 | C8: -0.080072864 | D8: -0.89
A9: 1995 | B9: -0.10241057 | C9: -0.04477238 | D9: -0.89
A10: 1996 | B10: -0.16779641 | C10: -0.013028718 | D10: -0.89
A11: 1997 | B11: -0.24604103 | C11: 0.046996611 | D11: -0.89
A12: 1998 | B12: -0.24431114 | C12: 0.10117546 | D12: -0.89
A13: 1999 | B13: -0.21102703 | C13: 0.14684402 | D13: -0.89
A14: 2000 | B14: -0.15249232 | C14: 0.21031511 | D14: -0.89
A15: 2001 | B15: -0.12718857 | C15: 0.23944533 | D15: -0.89
A16: 2002 | B16: -0.12870531 | C16: 0.25730778 | D16: -0.89
... A37: 2023 | B37: -0.52303146 | C37: 0.44938466 | D37: -0.89
A38: Grand Total | D38: -30.26

Sheet Calculations
B1: Variable | C1: Effect | D1: Chosen | E1: Total_effect | F1: Simulated Footprint | H1: Source
B2: Dietary change | C2: -0.2 | D2: FALSE | E2: =IF(D2,$G$47*C2,0) -> 0 | H2: https://www.ilmasto-opas.fi/artikkelit/ilmastonmuutosta-voi-hillita-ilmastoystavallisella-ruokavaliolla
B3: Private car | C3: -0.1 | D3: FALSE | E3: =IF(D3,$G$47*C3,0) -> 0 | H3: https://www.ilmasto-opas.fi/artikkelit/liikenne-on-merkittava-kasvihuonekaasupaastojen-tuottaja
B4: 100% renewable heat | C4: -0.1 | D4: FALSE | E4: =IF(D4,$G$47*C4,0) -> 0
B5: Flying | C5: -0.1 | D5: FALSE | E5: =IF(D5,$G$47*C5,0) -> 0 | H5: https://yle.fi/a/3-10595412
B6: Green steel | C6: -0.07 | D6: FALSE | E6: =IF(D6,$G$47*C6,0) -> 0 | H6: https://wwf.fi/uutiset/2022/11/terasteollisuudella-keskeinen-rooli-ilmastokriisin-ratkaisemisessa-vahahiiliseen-tuotantoon-investoitava-merkittavasti-jo-talla-vuosikymmenella/
B7: Textiles | C7: -0.03 | D7: FALSE | E7: =IF(D7,$G$47*C7,0) -> 0 | H7: https://wwf.fi/earthhour/ideat/opi-lisaa-siita-miten-pikamuoti-kuormittaa-ymparistoa/
B8: Other goods and services | C8: -0.2 | D8: FALSE | E8: =IF(D8,$G$47*C8,0) -> 0
F9: =$G$47+SUM(E2:E8) -> 8.4743839
B10: Rest | C10: =1+SUM(C2:C8) -> 0.2
B13: Year | C13: Per capita consumption-based CO₂ emissions | D13: GDP per capita | E13: LULUCF | F13: LULUCF per capita | G13: CBE CO2 per capita incl. LULUCF | H13: Sustainable level
B14: 1990 | C14: =Data_processed!D2 -> 17.773579 | D14: =Data_processed!E2 -> 38807.117 | E14: =LULUCF_FI!B5 -> -31931 | F14: =E14/Data_processed!F2 -> -0.0064033918 | G14: =C14+F14 -> 17.767176 | H14: -0.89
B15: 1991 | C15: =Data_processed!D3 -> 16.156708 | D15: =Data_processed!E3 -> 36326.082 | E15: =LULUCF_FI!B6 -> -44321 | F15: =E15/Data_processed!F3 -> -0.0088396452 | G15: =C15+F15 -> 16.147868 | H15: -0.89
B16: 1992 | C16: =Data_processed!D4 -> 20.635195 | D16: =Data_processed!E4 -> 34926.383 | E16: =LULUCF_FI!B7 -> -38513 | F16: =E16/Data_processed!F4 -> -0.0076382175 | G16: =C16+F16 -> 20.627557 | H16: -0.89
B17: 1993 | C17: =Data_processed!D5 -> 17.44481 | D17: =Data_processed!E5 -> 34486.754 | E17: =LULUCF_FI!B8 -> -39737 | F17: =E17/Data_processed!F5 -> -0.0078429414 | G17: =C17+F17 -> 17.436967 | H17: -0.89
B18: 1994 | C18: =Data_processed!D6 -> 16.490786 | D18: =Data_processed!E6 -> 35699.72 | E18: =LULUCF_FI!B9 -> -33480 | F18: =E18/Data_processed!F6 -> -0.0065796016 | G18: =C18+F18 -> 16.484206 | H18: -0.89
B19: 1995 | C19: =Data_processed!D7 -> 15.953912 | D19: =Data_processed!E7 -> 37069.63 | E19: =LULUCF_FI!B10 -> -32093 | F19: =E19/Data_processed!F7 -> -0.0062829892 | G19: =C19+F19 -> 15.947629 | H19: -0.89
B20: 1996 | C20: =Data_processed!D8 -> 14.793569 | D20: =Data_processed!E8 -> 38301.51 | E20: =LULUCF_FI!B11 -> -39264 | F20: =E20/Data_processed!F8 -> -0.0076616944 | G20: =C20+F20 -> 14.785907 | H20: -0.89
B21: 1997 | C21: =Data_processed!D9 -> 13.402668 | D21: =Data_processed!E9 -> 40630.92 | E21: =LULUCF_FI!B12 -> -35705 | F21: =E21/Data_processed!F9 -> -0.0069465967 | G21: =C21+F21 -> 13.395721 | H21: -0.89
B22: 1998 | C22: =Data_processed!D10 -> 13.432869 | D22: =Data_processed!E10 -> 42733.445 | E22: =LULUCF_FI!B13 -> -33046 | F22: =E22/Data_processed!F10 -> -0.0064122851 | G22: =C22+F22 -> 13.426457 | H22: -0.89
B23: 1999 | C23: =Data_processed!D11 -> 14.024223 | D23: =Data_processed!E11 -> 44505.71 | E23: =LULUCF_FI!B14 -> -33068 | F23: =E23/Data_processed!F11 -> -0.0064016838 | G23: =C23+F23 -> 14.017821 | H23: -0.89
B24: 2000 | C24: =Data_processed!D12 -> 15.064202 | D24: =Data_processed!E12 -> 46968.84 | E24: =LULUCF_FI!B15 -> -33046 | F24: =E24/Data_processed!F12 -> -0.0063842238 | G24: =C24+F24 -> 15.057818 | H24: -0.89
B25: 2001 | C25: =Data_processed!D13 -> 15.513823 | D25: =Data_processed!E13 -> 48099.3 | E25: =LULUCF_FI!B16 -> -33354 | F25: =E25/Data_processed!F13 -> -0.0064291043 | G25: =C25+F25 -> 15.507394 | H25: -0.89
... B47: 2023 | C47: =Data_processed!D35 -> 8.473571 | D47: =Data_processed!E35 -> 56246.44 | E47: =LULUCF_FI!B38 -> 4553 | F47: =E47/Data_processed!F35 -> 0.00081286371 | G47: =C47+F47 -> 8.4743839 | H47: -0.89
C50: =1-2/17.77 -> 0.88745076
B55: =Calculations!F9*1000 -> 8474.3839 | D55: =IF(B55>2000, B55,0) -> 8474.3839
D56: =IF(B55<2000,B55,0) -> 0
